"num_folds","W0_cali_intc_byAvg","W1_cali_intc_byAvg","W0_cali_intc_byAgt","W1_cali_intc_byAgt","W0_cali_intc_ext","W1_cali_intc_ext","W0_cali_intc_byAvg_estsd","W1_cali_intc_byAvg_estsd","W0_cali_intc_byAgt_estsd","W1_cali_intc_byAgt_estsd","W0_cali_intc_ext_estsd","W1_cali_intc_ext_estsd","W0_cali_intc_byAvg_rej_rate","W1_cali_intc_byAvg_rej_rate","W0_cali_intc_byAgt_rej_rate","W1_cali_intc_byAgt_rej_rate","W0_cali_intc_ext_rej_rate","W1_cali_intc_ext_rej_rate","W0_cali_intc_byAvg_sd","W1_cali_intc_byAvg_sd","W0_cali_intc_byAgt_sd","W1_cali_intc_byAgt_sd","W0_cali_intc_ext_sd","W1_cali_intc_ext_sd"
5,-0.00285855222066124,-0.000448118588359005,-0.00278568329457621,-0.000451007234008146,-0.00274374309908887,0.00264234936064799,0.111312756070366,0.0509498514168291,0.111286875718968,0.050949344820116,0.11115796512216,0.0507989449656453,0.016,0,0.016,0,0.108,0.156,0.0898159064255797,0.0188658837892069,0.0897593004660727,0.0188659739091267,0.136119597946458,0.0705725877740872
10,-0.00396443429327759,-0.000509114857574472,-0.0027888886196389,-0.000465020418312981,-0.00274374309908887,0.00264234936064799,0.111394369785201,0.0509509162472901,0.111285023876775,0.0509486717382549,0.11115796512216,0.0507989449656453,0.016,0,0.016,0,0.108,0.156,0.0899778540962913,0.0188537157230562,0.0897255682575544,0.0188504087592379,0.136119597946458,0.0705725877740872
