"num_folds","W0_cali_slp_byAvg","W1_cali_slp_byAvg","W0_cali_slp_byAgt","W1_cali_slp_byAgt","W0_cali_slp_ext","W1_cali_slp_ext","W0_cali_slp_byAvg_estsd","W1_cali_slp_byAvg_estsd","W0_cali_slp_byAgt_estsd","W1_cali_slp_byAgt_estsd","W0_cali_slp_ext_estsd","W1_cali_slp_ext_estsd","W0_cali_slp_byAvg_rej_rate","W1_cali_slp_byAvg_rej_rate","W0_cali_slp_byAgt_rej_rate","W1_cali_slp_byAgt_rej_rate","W0_cali_slp_ext_rej_rate","W1_cali_slp_ext_rej_rate","W0_cali_slp_byAvg_sd","W1_cali_slp_byAvg_sd","W0_cali_slp_byAgt_sd","W1_cali_slp_byAgt_sd","W0_cali_slp_ext_sd","W1_cali_slp_ext_sd"
5,0.643867123740415,0.680622652701696,0.612603766037507,0.656644646169693,0.701823117061663,0.723590150173433,0.238590603706938,0.112113879126289,0.236982525888719,0.111697091706834,0.247795024071612,0.115968212537663,0.318,0.916,0.368,0.954,0.281,0.662,0.230939280142351,0.0907956016911894,0.232841223405756,0.093072548469283,0.266642206625706,0.131413297742794
10,0.678556554719784,0.706893873610835,0.640084039264242,0.680959917873062,0.701823117061663,0.723590150173433,0.243918138229275,0.114233361512675,0.242379316401932,0.113969287305774,0.247795024071612,0.115968212537663,0.243,0.846,0.301,0.927,0.281,0.662,0.23116857645037,0.0838086395531904,0.232279764888089,0.0866501352528745,0.266642206625706,0.131413297742794
