"num_folds","W0_EOR_byAvg","W1_EOR_byAvg","W0_EOR_byAgt","W1_EOR_byAgt","W0_EOR_ext","W1_EOR_ext","W0_EOR_byAvg_estsd","W1_EOR_byAvg_estsd","W0_EOR_byAgt_estsd","W1_EOR_byAgt_estsd","W0_EOR_ext_estsd","W1_EOR_ext_estsd","W0_EOR_byAvg_rej_rate","W1_EOR_byAvg_rej_rate","W0_EOR_byAgt_rej_rate","W1_EOR_byAgt_rej_rate","W0_EOR_ext_rej_rate","W1_EOR_ext_rej_rate","W0_EOR_byAvg_sd","W1_EOR_byAvg_sd","W0_EOR_byAgt_sd","W1_EOR_byAgt_sd","W0_EOR_ext_sd","W1_EOR_ext_sd"
5,1.00966324697991,1.00020167605122,1.00895709051169,1.00016881829117,1.01730340933679,1.00265135046149,0.112483151920415,0.0507422791029451,0.112335923601617,0.0507392834322556,0.113776685760865,0.0509408837636968,0.018,0,0.018,0,0.086,0.146,0.0910740405263372,0.0188168739819285,0.0908736567260546,0.018813842119198,0.134463189443905,0.0691581185809512
10,1.01178817223647,1.0003172296154,1.0089683809386,1.00019342043047,1.01730340933679,1.00265135046149,0.112934514005337,0.0507521489856814,0.112337224841448,0.0507405285300605,0.113776685760865,0.0509408837636968,0.018,0,0.018,0,0.086,0.146,0.0917123792556576,0.018819241659533,0.0908552719062624,0.0188107382065891,0.134463189443905,0.0691581185809512
