"num_folds","W0_EOR_byAvg","W1_EOR_byAvg","W0_EOR_byAgt","W1_EOR_byAgt","W0_EOR_ext","W1_EOR_ext","W0_EOR_byAvg_estsd","W1_EOR_byAvg_estsd","W0_EOR_byAgt_estsd","W1_EOR_byAgt_estsd","W0_EOR_ext_estsd","W1_EOR_ext_estsd","W0_EOR_byAvg_rej_rate","W1_EOR_byAvg_rej_rate","W0_EOR_byAgt_rej_rate","W1_EOR_byAgt_rej_rate","W0_EOR_ext_rej_rate","W1_EOR_ext_rej_rate","W0_EOR_byAvg_sd","W1_EOR_byAvg_sd","W0_EOR_byAgt_sd","W1_EOR_byAgt_sd","W0_EOR_ext_sd","W1_EOR_ext_sd"
5,1.00816234823791,0.999715682477036,1.00742871628357,0.999682151520212,1.01994417931589,1.00310872994822,0.11213755171433,0.0507137898769631,0.111986144696745,0.0507107436228904,0.114083011328038,0.0509661807704175,0.001,0,0.001,0,0.103,0.151,0.0604877884221106,0.0124151016341434,0.060319613528806,0.0124131653767365,0.140749028750221,0.0698589938873041
